{"name":"29dbabad-02be-d577-3f8b-0ae4e62e8aa4","id":"/providers/Microsoft.Flow/flows/29dbabad-02be-d577-3f8b-0ae4e62e8aa4","type":"Microsoft.Flow/flows","properties":{"apiId":"/providers/Microsoft.PowerApps/apis/shared_logicflows","displayName":"OneDrive に新しいファイルがアップロードされたときに通知とメールを受け取る","definition":{"metadata":{"workflowEntityId":"360476ae-ffff-f011-8406-002248ef524e","processAdvisorMetadata":null,"flowChargedByPaygo":null,"flowclientsuspensionreason":"None","flowclientsuspensiontime":null,"flowclientsuspensionreasondetails":null,"creator":{"id":"62851af7-f785-42d7-a8c8-2a0724301d4a","type":"User","tenantId":"9b071fb0-4ece-430f-aa1e-9b869fe99830"},"provisioningMethod":"FromDefinition","failureAlertSubscription":true,"clientLastModifiedTime":"2026-02-02T07:06:49.0233128Z","connectionKeySavedTimeKey":"2026-02-02T07:06:49.0233128Z","creationSource":null},"$schema":"https://schema.management.azure.com/providers/Microsoft.Logic/schemas/2016-06-01/workflowdefinition.json#","contentVersion":"1.0.0.0","parameters":{"$authentication":{"defaultValue":{},"type":"SecureObject"},"$connections":{"defaultValue":{},"type":"Object"}},"triggers":{"When_a_file_is_created_(properties_only)":{"recurrence":{"frequency":"Minute","interval":15},"evaluatedRecurrence":{"frequency":"Minute","interval":15},"splitOn":"@triggerOutputs()?['body']","metadata":{"6e202211-2856-4d17-9ded-5beb8b8626b0":"/"},"type":"OpenApiConnection","inputs":{"parameters":{"folderId":"6e202211-2856-4d17-9ded-5beb8b8626b0","maxFileCount":10},"host":{"apiId":"/providers/Microsoft.PowerApps/apis/shared_onedriveforbusiness","connectionName":"shared_onedriveforbusiness","operationId":"OnNewFilesV2"},"authentication":"@parameters('$authentication')"}}},"actions":{"Send_me_an_email_notification":{"runAfter":{},"type":"OpenApiConnection","inputs":{"parameters":{"emailMessage/To":"Minagawa@mxk00015.onmicrosoft.com","emailMessage/Subject":"A file has been uploaded to OneDrive :@{triggerOutputs()?['body/Name']}","emailMessage/Body":"<p class=\"editor-paragraph\">お疲れ様です。File @{triggerOutputs()?['body/Name']}has been uploaded to OneDrive folder @{triggerOutputs()?['body/Path']} of Type@{triggerOutputs()?['body/MediaType']} }</p>","emailMessage/Importance":"Normal"},"host":{"apiId":"/providers/Microsoft.PowerApps/apis/shared_office365","connectionName":"shared_office365","operationId":"SendEmailV2"},"authentication":"@parameters('$authentication')"}}},"outputs":{}},"connectionReferences":{"shared_onedriveforbusiness":{"connectionName":"shared-onedriveforbu-d89609e8-23f2-4ca7-89b0-91395e1cc1d9","source":"Embedded","id":"/providers/Microsoft.PowerApps/apis/shared_onedriveforbusiness","tier":"NotSpecified","apiName":"onedriveforbusiness","isProcessSimpleApiReferenceConversionAlreadyDone":false},"shared_office365":{"connectionName":"shared-office365-6ddff18e-ed04-458f-a5a4-c5ff043a51fa","source":"Embedded","id":"/providers/Microsoft.PowerApps/apis/shared_office365","tier":"NotSpecified","apiName":"office365","isProcessSimpleApiReferenceConversionAlreadyDone":false}},"flowFailureAlertSubscribed":false,"isManaged":false}}